{
  "base_instance": "X-n214-k11",
  "seed": 125,
  "vehicle_count": 11,
  "capacity": 944,
  "original_cost": 10856.0,
  "augmented_static_cost": null,
  "safe_reveal_horizon": 421.77232596255647,
  "added_demand_budget": 16,
  "total_added_demand": 16,
  "batch_times": {
    "1": 105.44308149063912,
    "2": 210.88616298127823,
    "3": 316.3292444719174
  },
  "new_customers": [
    {
      "id": 216,
      "parent_id": 147,
      "x": 797.1951442070458,
      "y": 294.59693001137725,
      "demand": 7,
      "inherited_phase": 0.8973214045687568,
      "batch_id": 1,
      "reveal_time": 105.44308149063912
    },
    {
      "id": 215,
      "parent_id": 64,
      "x": 683.1962855133008,
      "y": 245.04765156165965,
      "demand": 7,
      "inherited_phase": 1.0,
      "batch_id": 2,
      "reveal_time": 210.88616298127823
    },
    {
      "id": 217,
      "parent_id": 154,
      "x": 606.2703859136899,
      "y": 539.3431598070596,
      "demand": 2,
      "inherited_phase": 1.0,
      "batch_id": 3,
      "reveal_time": 316.3292444719174
    }
  ]
}