{
  "base_instance": "X-n351-k40",
  "seed": 126,
  "vehicle_count": 40,
  "capacity": 436,
  "original_cost": 25896.0,
  "augmented_static_cost": null,
  "safe_reveal_horizon": 123.17161439264102,
  "added_demand_budget": 73,
  "total_added_demand": 72,
  "batch_times": {
    "1": 30.792903598160255,
    "2": 61.58580719632051,
    "3": 92.37871079448077
  },
  "new_customers": [
    {
      "id": 352,
      "parent_id": 295,
      "x": 721.1306498592313,
      "y": 423.39968127281907,
      "demand": 33,
      "inherited_phase": 1.0,
      "batch_id": 1,
      "reveal_time": 30.792903598160255
    },
    {
      "id": 353,
      "parent_id": 332,
      "x": 292.4305474188531,
      "y": 705.9956255826246,
      "demand": 38,
      "inherited_phase": 1.0,
      "batch_id": 2,
      "reveal_time": 61.58580719632051
    },
    {
      "id": 354,
      "parent_id": 218,
      "x": 852.0031812873946,
      "y": 494.11482846370626,
      "demand": 1,
      "inherited_phase": 1.0,
      "batch_id": 3,
      "reveal_time": 92.37871079448077
    }
  ]
}