{
  "base_instance": "X-n819-k171",
  "seed": 131,
  "vehicle_count": 171,
  "capacity": 358,
  "original_cost": 158121.0,
  "augmented_static_cost": null,
  "safe_reveal_horizon": 203.86259251235793,
  "added_demand_budget": 182,
  "total_added_demand": 159,
  "batch_times": {
    "1": 67.9541975041193,
    "2": 135.9083950082386
  },
  "new_customers": [
    {
      "id": 820,
      "parent_id": 325,
      "x": 204.26655903005815,
      "y": 329.8758354475728,
      "demand": 70,
      "inherited_phase": 1.0,
      "batch_id": 1,
      "reveal_time": 67.9541975041193
    },
    {
      "id": 821,
      "parent_id": 295,
      "x": 479.7887434531847,
      "y": 856.7518977655164,
      "demand": 89,
      "inherited_phase": 1.0,
      "batch_id": 2,
      "reveal_time": 135.9083950082386
    }
  ]
}