{
  "base_instance": "X-n176-k26",
  "seed": 140,
  "vehicle_count": 26,
  "capacity": 142,
  "original_cost": 47812.0,
  "augmented_static_cost": null,
  "safe_reveal_horizon": 542.0459585293885,
  "added_demand_budget": 36,
  "total_added_demand": 36,
  "batch_times": {
    "1": 135.51148963234712,
    "2": 271.02297926469424,
    "3": 406.5344688970414
  },
  "new_customers": [
    {
      "id": 179,
      "parent_id": 99,
      "x": 52.067375133961086,
      "y": 246.28255438258324,
      "demand": 5,
      "inherited_phase": 0.45575737740712113,
      "batch_id": 1,
      "reveal_time": 135.51148963234712
    },
    {
      "id": 177,
      "parent_id": 26,
      "x": 266.34822160630233,
      "y": 694.1244705539103,
      "demand": 23,
      "inherited_phase": 1.0,
      "batch_id": 1,
      "reveal_time": 135.51148963234712
    },
    {
      "id": 178,
      "parent_id": 59,
      "x": 189.5327517195062,
      "y": 758.2609945193277,
      "demand": 5,
      "inherited_phase": 1.0,
      "batch_id": 2,
      "reveal_time": 271.02297926469424
    },
    {
      "id": 180,
      "parent_id": 46,
      "x": 816.1216803830282,
      "y": 484.50635826053633,
      "demand": 3,
      "inherited_phase": 1.0,
      "batch_id": 3,
      "reveal_time": 406.5344688970414
    }
  ]
}