{
  "base_instance": "X-n148-k46",
  "seed": 134,
  "vehicle_count": 46,
  "capacity": 18,
  "original_cost": 43448.0,
  "augmented_static_cost": null,
  "safe_reveal_horizon": 15.264337522473747,
  "added_demand_budget": 6,
  "total_added_demand": 5,
  "batch_times": {
    "1": 3.816084380618437,
    "2": 7.632168761236874,
    "3": 11.44825314185531
  },
  "new_customers": [
    {
      "id": 149,
      "parent_id": 125,
      "x": 522.5449606326818,
      "y": 513.6281483284944,
      "demand": 3,
      "inherited_phase": 1.0,
      "batch_id": 1,
      "reveal_time": 3.816084380618437
    },
    {
      "id": 150,
      "parent_id": 34,
      "x": 960.7660683136404,
      "y": 102.222751775283,
      "demand": 1,
      "inherited_phase": 1.0,
      "batch_id": 2,
      "reveal_time": 7.632168761236874
    },
    {
      "id": 151,
      "parent_id": 101,
      "x": 130.22272301487038,
      "y": 794.2250857772163,
      "demand": 1,
      "inherited_phase": 1.0,
      "batch_id": 3,
      "reveal_time": 11.44825314185531
    }
  ]
}