{
  "base_instance": "X-n110-k13",
  "seed": 126,
  "vehicle_count": 13,
  "capacity": 66,
  "original_cost": 14971.0,
  "augmented_static_cost": null,
  "safe_reveal_horizon": 359.2299236861987,
  "added_demand_budget": 25,
  "total_added_demand": 24,
  "batch_times": {
    "1": 89.80748092154967,
    "2": 179.61496184309934,
    "3": 269.422442764649
  },
  "new_customers": [
    {
      "id": 111,
      "parent_id": 75,
      "x": 993.1306498592313,
      "y": 517.3996812728191,
      "demand": 6,
      "inherited_phase": 1.0,
      "batch_id": 1,
      "reveal_time": 89.80748092154967
    },
    {
      "id": 112,
      "parent_id": 84,
      "x": 174.43054741885314,
      "y": 944.9956255826246,
      "demand": 9,
      "inherited_phase": 1.0,
      "batch_id": 2,
      "reveal_time": 179.61496184309934
    },
    {
      "id": 113,
      "parent_id": 19,
      "x": 482.79630751134283,
      "y": 726.6797286864398,
      "demand": 9,
      "inherited_phase": 1.0,
      "batch_id": 3,
      "reveal_time": 269.422442764649
    }
  ]
}