{
  "base_instance": "X-n139-k10",
  "seed": 132,
  "vehicle_count": 10,
  "capacity": 106,
  "original_cost": 13590.0,
  "augmented_static_cost": null,
  "safe_reveal_horizon": 815.9083980411594,
  "added_demand_budget": 12,
  "total_added_demand": 11,
  "batch_times": {
    "1": 271.9694660137198,
    "2": 543.9389320274396
  },
  "new_customers": [
    {
      "id": 141,
      "parent_id": 8,
      "x": 599.8461384444964,
      "y": 531.51828398139,
      "demand": 4,
      "inherited_phase": 0.12402481132481658,
      "batch_id": 1,
      "reveal_time": 271.9694660137198
    },
    {
      "id": 140,
      "parent_id": 107,
      "x": 279.06703100361096,
      "y": 93.85003529922618,
      "demand": 7,
      "inherited_phase": 0.89009159011133,
      "batch_id": 2,
      "reveal_time": 543.9389320274396
    }
  ]
}