{
  "base_instance": "X-n195-k51",
  "seed": 144,
  "vehicle_count": 51,
  "capacity": 181,
  "original_cost": 44225.0,
  "augmented_static_cost": null,
  "safe_reveal_horizon": 30.0,
  "added_demand_budget": 13,
  "total_added_demand": 13,
  "batch_times": {
    "1": 7.5,
    "2": 15.0,
    "3": 22.5
  },
  "new_customers": [
    {
      "id": 196,
      "parent_id": 58,
      "x": 225.47096610988746,
      "y": 11.61567402818548,
      "demand": 1,
      "inherited_phase": 1.0,
      "batch_id": 1,
      "reveal_time": 7.5
    },
    {
      "id": 197,
      "parent_id": 67,
      "x": 637.8267003018294,
      "y": 162.1285012136225,
      "demand": 5,
      "inherited_phase": 1.0,
      "batch_id": 2,
      "reveal_time": 15.0
    },
    {
      "id": 198,
      "parent_id": 104,
      "x": 971.9724743207277,
      "y": 436.3486543261864,
      "demand": 7,
      "inherited_phase": 1.0,
      "batch_id": 3,
      "reveal_time": 22.5
    }
  ]
}