{
  "base_instance": "X-n120-k6",
  "seed": 128,
  "vehicle_count": 6,
  "capacity": 21,
  "original_cost": 13332.0,
  "augmented_static_cost": null,
  "safe_reveal_horizon": 1095.729781887745,
  "added_demand_budget": 4,
  "total_added_demand": 3,
  "batch_times": {
    "1": 273.93244547193626,
    "2": 547.8648909438725,
    "3": 821.7973364158088
  },
  "new_customers": [
    {
      "id": 123,
      "parent_id": 71,
      "x": 349.49021323158587,
      "y": 292.251368862813,
      "demand": 1,
      "inherited_phase": 0.4721415738344459,
      "batch_id": 1,
      "reveal_time": 273.93244547193626
    },
    {
      "id": 122,
      "parent_id": 63,
      "x": 548.3608199106642,
      "y": 139.59390773172973,
      "demand": 1,
      "inherited_phase": 0.5151209678453539,
      "batch_id": 2,
      "reveal_time": 547.8648909438725
    },
    {
      "id": 121,
      "parent_id": 110,
      "x": 437.0547495057699,
      "y": 441.65723855447305,
      "demand": 1,
      "inherited_phase": 0.639712044465573,
      "batch_id": 3,
      "reveal_time": 821.7973364158088
    }
  ]
}