{
  "base_instance": "X-n214-k11",
  "seed": 148,
  "vehicle_count": 11,
  "capacity": 944,
  "original_cost": 10856.0,
  "augmented_static_cost": null,
  "safe_reveal_horizon": 421.77232596255647,
  "added_demand_budget": 16,
  "total_added_demand": 16,
  "batch_times": {
    "1": 105.44308149063912,
    "2": 210.88616298127823,
    "3": 316.3292444719174
  },
  "new_customers": [
    {
      "id": 217,
      "parent_id": 37,
      "x": 589.0831818378834,
      "y": 422.4735755513927,
      "demand": 2,
      "inherited_phase": 0.26017670814543326,
      "batch_id": 1,
      "reveal_time": 105.44308149063912
    },
    {
      "id": 215,
      "parent_id": 105,
      "x": 695.2970063389171,
      "y": 142.99861088418098,
      "demand": 7,
      "inherited_phase": 1.0,
      "batch_id": 2,
      "reveal_time": 210.88616298127823
    },
    {
      "id": 216,
      "parent_id": 11,
      "x": 450.14932197413265,
      "y": 312.58595451076053,
      "demand": 7,
      "inherited_phase": 1.0,
      "batch_id": 3,
      "reveal_time": 316.3292444719174
    }
  ]
}