{
  "base_instance": "X-n298-k31",
  "seed": 166,
  "vehicle_count": 31,
  "capacity": 55,
  "original_cost": 34231.0,
  "augmented_static_cost": null,
  "safe_reveal_horizon": 309.95392713668303,
  "added_demand_budget": 9,
  "total_added_demand": 8,
  "batch_times": {
    "1": 103.31797571222768,
    "2": 206.63595142445536
  },
  "new_customers": [
    {
      "id": 300,
      "parent_id": 292,
      "x": 565.7716642374879,
      "y": 682.7028476581605,
      "demand": 3,
      "inherited_phase": 0.45338214831767476,
      "batch_id": 1,
      "reveal_time": 103.31797571222768
    },
    {
      "id": 299,
      "parent_id": 93,
      "x": 622.7884949183158,
      "y": 264.8069063707084,
      "demand": 5,
      "inherited_phase": 1.0,
      "batch_id": 2,
      "reveal_time": 206.63595142445536
    }
  ]
}