{
  "base_instance": "X-n275-k28",
  "seed": 161,
  "vehicle_count": 28,
  "capacity": 10,
  "original_cost": 21245.0,
  "augmented_static_cost": null,
  "safe_reveal_horizon": 130.69377402833902,
  "added_demand_budget": 3,
  "total_added_demand": 3,
  "batch_times": {
    "1": 32.673443507084755,
    "2": 65.34688701416951,
    "3": 98.02033052125427
  },
  "new_customers": [
    {
      "id": 276,
      "parent_id": 267,
      "x": 396.5680237240644,
      "y": 615.8769374349218,
      "demand": 1,
      "inherited_phase": 1.0,
      "batch_id": 1,
      "reveal_time": 32.673443507084755
    },
    {
      "id": 277,
      "parent_id": 247,
      "x": 464.2179473728653,
      "y": 574.2335466158456,
      "demand": 1,
      "inherited_phase": 1.0,
      "batch_id": 2,
      "reveal_time": 65.34688701416951
    },
    {
      "id": 278,
      "parent_id": 248,
      "x": 668.2735208169781,
      "y": 488.4927173224602,
      "demand": 1,
      "inherited_phase": 1.0,
      "batch_id": 3,
      "reveal_time": 98.02033052125427
    }
  ]
}