{
  "base_instance": "X-n336-k84",
  "seed": 174,
  "vehicle_count": 84,
  "capacity": 203,
  "original_cost": 139111.0,
  "augmented_static_cost": null,
  "safe_reveal_horizon": 76.29236100117147,
  "added_demand_budget": 78,
  "total_added_demand": 77,
  "batch_times": {
    "1": 19.073090250292868,
    "2": 38.146180500585736,
    "3": 57.21927075087861
  },
  "new_customers": [
    {
      "id": 337,
      "parent_id": 4,
      "x": 797.8254393794044,
      "y": 4.383810591057334,
      "demand": 27,
      "inherited_phase": 1.0,
      "batch_id": 1,
      "reveal_time": 19.073090250292868
    },
    {
      "id": 338,
      "parent_id": 193,
      "x": 216.10428418652987,
      "y": 688.8689993775832,
      "demand": 2,
      "inherited_phase": 1.0,
      "batch_id": 2,
      "reveal_time": 38.146180500585736
    },
    {
      "id": 339,
      "parent_id": 170,
      "x": 303.30395000945555,
      "y": 955.5678739864121,
      "demand": 48,
      "inherited_phase": 1.0,
      "batch_id": 3,
      "reveal_time": 57.21927075087861
    }
  ]
}