{
  "base_instance": "X-n359-k29",
  "seed": 177,
  "vehicle_count": 29,
  "capacity": 68,
  "original_cost": 51505.0,
  "augmented_static_cost": null,
  "safe_reveal_horizon": 434.91897688547715,
  "added_demand_budget": 15,
  "total_added_demand": 14,
  "batch_times": {
    "1": 108.72974422136929,
    "2": 217.45948844273858,
    "3": 326.18923266410786
  },
  "new_customers": [
    {
      "id": 362,
      "parent_id": 155,
      "x": 86.10420965221296,
      "y": 29.153140136584106,
      "demand": 4,
      "inherited_phase": 0.8527093095160224,
      "batch_id": 1,
      "reveal_time": 108.72974422136929
    },
    {
      "id": 360,
      "parent_id": 112,
      "x": 555.1317534098807,
      "y": 612.5717583312678,
      "demand": 3,
      "inherited_phase": 1.0,
      "batch_id": 2,
      "reveal_time": 217.45948844273858
    },
    {
      "id": 361,
      "parent_id": 208,
      "x": 308.4947087488977,
      "y": 957.5675243144289,
      "demand": 7,
      "inherited_phase": 1.0,
      "batch_id": 3,
      "reveal_time": 326.18923266410786
    }
  ]
}