{
  "base_instance": "X-n393-k38",
  "seed": 181,
  "vehicle_count": 38,
  "capacity": 78,
  "original_cost": 38260.0,
  "augmented_static_cost": null,
  "safe_reveal_horizon": 317.5385347098506,
  "added_demand_budget": 27,
  "total_added_demand": 25,
  "batch_times": {
    "1": 79.38463367746265,
    "2": 158.7692673549253,
    "3": 238.15390103238792
  },
  "new_customers": [
    {
      "id": 394,
      "parent_id": 299,
      "x": 83.56171820742485,
      "y": 648.7739550315888,
      "demand": 7,
      "inherited_phase": 1.0,
      "batch_id": 1,
      "reveal_time": 79.38463367746265
    },
    {
      "id": 395,
      "parent_id": 175,
      "x": 224.11032763849772,
      "y": 24.631931988389077,
      "demand": 4,
      "inherited_phase": 1.0,
      "batch_id": 1,
      "reveal_time": 79.38463367746265
    },
    {
      "id": 396,
      "parent_id": 120,
      "x": 819.862137533414,
      "y": 286.57308576691173,
      "demand": 8,
      "inherited_phase": 1.0,
      "batch_id": 2,
      "reveal_time": 158.7692673549253
    },
    {
      "id": 397,
      "parent_id": 36,
      "x": 844.6148726906961,
      "y": 542.4106332431683,
      "demand": 6,
      "inherited_phase": 1.0,
      "batch_id": 3,
      "reveal_time": 238.15390103238792
    }
  ]
}