{
  "base_instance": "X-n384-k52",
  "seed": 180,
  "vehicle_count": 52,
  "capacity": 564,
  "original_cost": 65940.0,
  "augmented_static_cost": null,
  "safe_reveal_horizon": 3.605551275463989,
  "added_demand_budget": 102,
  "total_added_demand": 76,
  "batch_times": {
    "1": 1.8027756377319946
  },
  "new_customers": [
    {
      "id": 385,
      "parent_id": 75,
      "x": 102.824726386755,
      "y": 143.82776390352637,
      "demand": 76,
      "inherited_phase": 1.0,
      "batch_id": 1,
      "reveal_time": 1.8027756377319946
    }
  ]
}