{
  "base_instance": "X-n491-k59",
  "seed": 191,
  "vehicle_count": 59,
  "capacity": 428,
  "original_cost": 66483.0,
  "augmented_static_cost": null,
  "safe_reveal_horizon": 137.94862599796232,
  "added_demand_budget": 177,
  "total_added_demand": 177,
  "batch_times": {
    "1": 34.48715649949058,
    "2": 68.97431299898116,
    "3": 103.46146949847174
  },
  "new_customers": [
    {
      "id": 492,
      "parent_id": 390,
      "x": 102.33722624750703,
      "y": 646.146317004195,
      "demand": 62,
      "inherited_phase": 1.0,
      "batch_id": 1,
      "reveal_time": 34.48715649949058
    },
    {
      "id": 493,
      "parent_id": 264,
      "x": 490.11333593858745,
      "y": 376.01291738235506,
      "demand": 51,
      "inherited_phase": 1.0,
      "batch_id": 1,
      "reveal_time": 34.48715649949058
    },
    {
      "id": 494,
      "parent_id": 329,
      "x": 685.1450810308038,
      "y": 278.89915748222904,
      "demand": 62,
      "inherited_phase": 1.0,
      "batch_id": 2,
      "reveal_time": 68.97431299898116
    },
    {
      "id": 495,
      "parent_id": 77,
      "x": 996.4488626661649,
      "y": 179.23168787066018,
      "demand": 2,
      "inherited_phase": 1.0,
      "batch_id": 3,
      "reveal_time": 103.46146949847174
    }
  ]
}