{
  "base_instance": "X-n439-k37",
  "seed": 186,
  "vehicle_count": 37,
  "capacity": 12,
  "original_cost": 36391.0,
  "augmented_static_cost": null,
  "safe_reveal_horizon": 310.16400374559436,
  "added_demand_budget": 3,
  "total_added_demand": 3,
  "batch_times": {
    "1": 103.38800124853145,
    "2": 206.7760024970629
  },
  "new_customers": [
    {
      "id": 440,
      "parent_id": 177,
      "x": 670.5861944722318,
      "y": 319.220526929102,
      "demand": 2,
      "inherited_phase": 0.8209461524803422,
      "batch_id": 1,
      "reveal_time": 103.38800124853145
    },
    {
      "id": 441,
      "parent_id": 231,
      "x": 947.4999498004195,
      "y": 598.4308528031916,
      "demand": 1,
      "inherited_phase": 1.0,
      "batch_id": 2,
      "reveal_time": 206.7760024970629
    }
  ]
}