{
  "base_instance": "X-n469-k138",
  "seed": 189,
  "vehicle_count": 138,
  "capacity": 256,
  "original_cost": 221824.0,
  "augmented_static_cost": null,
  "safe_reveal_horizon": 193.33053006285922,
  "added_demand_budget": 94,
  "total_added_demand": 88,
  "batch_times": {
    "1": 48.332632515714806,
    "2": 96.66526503142961,
    "3": 144.99789754714442
  },
  "new_customers": [
    {
      "id": 470,
      "parent_id": 249,
      "x": 887.9834430728462,
      "y": 966.4713516967719,
      "demand": 22,
      "inherited_phase": 1.0,
      "batch_id": 1,
      "reveal_time": 48.332632515714806
    },
    {
      "id": 471,
      "parent_id": 61,
      "x": 920.408040654888,
      "y": 572.8978999801799,
      "demand": 22,
      "inherited_phase": 1.0,
      "batch_id": 1,
      "reveal_time": 48.332632515714806
    },
    {
      "id": 472,
      "parent_id": 351,
      "x": 60.00165239935909,
      "y": 89.53276022909318,
      "demand": 22,
      "inherited_phase": 1.0,
      "batch_id": 2,
      "reveal_time": 96.66526503142961
    },
    {
      "id": 473,
      "parent_id": 150,
      "x": 226.1322491509773,
      "y": 987.3354640234191,
      "demand": 22,
      "inherited_phase": 1.0,
      "batch_id": 3,
      "reveal_time": 144.99789754714442
    }
  ]
}