{
  "base_instance": "X-n502-k39",
  "seed": 192,
  "vehicle_count": 39,
  "capacity": 13,
  "original_cost": 69226.0,
  "augmented_static_cost": null,
  "safe_reveal_horizon": 658.0530185867595,
  "added_demand_budget": 3,
  "total_added_demand": 3,
  "batch_times": {
    "1": 164.5132546466899,
    "2": 329.0265092933798,
    "3": 493.53976394006963
  },
  "new_customers": [
    {
      "id": 503,
      "parent_id": 193,
      "x": 634.6569753846629,
      "y": 123.22805943577471,
      "demand": 1,
      "inherited_phase": 1.0,
      "batch_id": 1,
      "reveal_time": 164.5132546466899
    },
    {
      "id": 504,
      "parent_id": 219,
      "x": 671.3460367405593,
      "y": 399.75639032254344,
      "demand": 1,
      "inherited_phase": 1.0,
      "batch_id": 2,
      "reveal_time": 329.0265092933798
    },
    {
      "id": 505,
      "parent_id": 121,
      "x": 709.0106312405807,
      "y": 168.3967461145568,
      "demand": 1,
      "inherited_phase": 1.0,
      "batch_id": 3,
      "reveal_time": 493.53976394006963
    }
  ]
}