{
  "base_instance": "X-n586-k159",
  "seed": 199,
  "vehicle_count": 159,
  "capacity": 28,
  "original_cost": 190316.0,
  "augmented_static_cost": null,
  "safe_reveal_horizon": 81.6815416922694,
  "added_demand_budget": 13,
  "total_added_demand": 12,
  "batch_times": {
    "1": 20.42038542306735,
    "2": 40.8407708461347,
    "3": 61.261156269202054
  },
  "new_customers": [
    {
      "id": 587,
      "parent_id": 354,
      "x": 896.8470986021878,
      "y": 965.5026576721243,
      "demand": 3,
      "inherited_phase": 1.0,
      "batch_id": 1,
      "reveal_time": 20.42038542306735
    },
    {
      "id": 588,
      "parent_id": 318,
      "x": 67.09426663976647,
      "y": 853.8398354684978,
      "demand": 3,
      "inherited_phase": 1.0,
      "batch_id": 1,
      "reveal_time": 20.42038542306735
    },
    {
      "id": 589,
      "parent_id": 263,
      "x": 657.4478526157302,
      "y": 749.4692401032925,
      "demand": 3,
      "inherited_phase": 1.0,
      "batch_id": 2,
      "reveal_time": 40.8407708461347
    },
    {
      "id": 590,
      "parent_id": 546,
      "x": 116.44435097866055,
      "y": 176.05399643489122,
      "demand": 3,
      "inherited_phase": 1.0,
      "batch_id": 3,
      "reveal_time": 61.261156269202054
    }
  ]
}