{
  "base_instance": "X-n627-k43",
  "seed": 202,
  "vehicle_count": 43,
  "capacity": 110,
  "original_cost": 62164.0,
  "augmented_static_cost": null,
  "safe_reveal_horizon": 313.65546163414405,
  "added_demand_budget": 10,
  "total_added_demand": 10,
  "batch_times": {
    "1": 104.55182054471467,
    "2": 209.10364108942935
  },
  "new_customers": [
    {
      "id": 628,
      "parent_id": 396,
      "x": 388.03390861733544,
      "y": 350.9701709810489,
      "demand": 5,
      "inherited_phase": 1.0,
      "batch_id": 1,
      "reveal_time": 104.55182054471467
    },
    {
      "id": 629,
      "parent_id": 202,
      "x": 905.6372637582481,
      "y": 188.01645519621235,
      "demand": 5,
      "inherited_phase": 1.0,
      "batch_id": 2,
      "reveal_time": 209.10364108942935
    }
  ]
}