{
  "base_instance": "X-n819-k171",
  "seed": 214,
  "vehicle_count": 171,
  "capacity": 358,
  "original_cost": 158121.0,
  "augmented_static_cost": null,
  "safe_reveal_horizon": 203.86259251235793,
  "added_demand_budget": 182,
  "total_added_demand": 139,
  "batch_times": {
    "1": 67.9541975041193,
    "2": 135.9083950082386
  },
  "new_customers": [
    {
      "id": 820,
      "parent_id": 531,
      "x": 47.408624754689406,
      "y": 233.3256831959397,
      "demand": 61,
      "inherited_phase": 1.0,
      "batch_id": 1,
      "reveal_time": 67.9541975041193
    },
    {
      "id": 821,
      "parent_id": 554,
      "x": 21.305689815355098,
      "y": 893.2133030807936,
      "demand": 78,
      "inherited_phase": 1.0,
      "batch_id": 2,
      "reveal_time": 135.9083950082386
    }
  ]
}