{
  "base_instance": "X-n837-k142",
  "seed": 215,
  "vehicle_count": 142,
  "capacity": 44,
  "original_cost": 193737.0,
  "augmented_static_cost": null,
  "safe_reveal_horizon": 143.27586481714894,
  "added_demand_budget": 22,
  "total_added_demand": 20,
  "batch_times": {
    "1": 35.818966204287236,
    "2": 71.63793240857447,
    "3": 107.4568986128617
  },
  "new_customers": [
    {
      "id": 838,
      "parent_id": 47,
      "x": 168.99957293701127,
      "y": 663.8866836044807,
      "demand": 6,
      "inherited_phase": 1.0,
      "batch_id": 1,
      "reveal_time": 35.818966204287236
    },
    {
      "id": 839,
      "parent_id": 295,
      "x": 827.2260757923701,
      "y": 300.72891885742985,
      "demand": 5,
      "inherited_phase": 1.0,
      "batch_id": 2,
      "reveal_time": 71.63793240857447
    },
    {
      "id": 840,
      "parent_id": 387,
      "x": 465.82292339485144,
      "y": 774.8876695859268,
      "demand": 9,
      "inherited_phase": 1.0,
      "batch_id": 3,
      "reveal_time": 107.4568986128617
    }
  ]
}