{
  "base_instance": "X-n916-k207",
  "seed": 219,
  "vehicle_count": 207,
  "capacity": 33,
  "original_cost": 329179.0,
  "augmented_static_cost": null,
  "safe_reveal_horizon": 161.87766314498802,
  "added_demand_budget": 9,
  "total_added_demand": 8,
  "batch_times": {
    "1": 53.95922104832934,
    "2": 107.91844209665868
  },
  "new_customers": [
    {
      "id": 917,
      "parent_id": 716,
      "x": 292.231181084095,
      "y": 477.2073787230829,
      "demand": 4,
      "inherited_phase": 1.0,
      "batch_id": 1,
      "reveal_time": 53.95922104832934
    },
    {
      "id": 918,
      "parent_id": 732,
      "x": 328.2662957017051,
      "y": 322.47924146185255,
      "demand": 4,
      "inherited_phase": 1.0,
      "batch_id": 2,
      "reveal_time": 107.91844209665868
    }
  ]
}